http://blog.piesso.com/get-cwd,http://blog.piesso.com/posts/get-cwd.html
http://blog.piesso.com/pspye-ubuntu-kurulumu,http://blog.piesso.com/posts/pspye-ubuntu-kurulumu.html
http://blog.piesso.com/lintube,http://blog.piesso.com/posts/lintube.html
http://blog.piesso.com/en-hizli-penguen-gentoo-linux,http://blog.piesso.com/posts/en-hizli-penguen-gentoo-linux.html
http://blog.piesso.com/debian-squeeze-uzerine-virtualbox-kurulumu,http://blog.piesso.com/posts/debian-squeeze-uzerine-virtualbox-kurulumu.html
http://blog.piesso.com/loto-cekilis-programi,http://blog.piesso.com/posts/loto-cekilis-programi.html
http://blog.piesso.com/parola-korumali-grub,http://blog.piesso.com/posts/parola-korumali-grub.html
http://blog.piesso.com/os-list-modulu,http://blog.piesso.com/posts/os-list-modulu.html
http://blog.piesso.com/windowsun-7-gunahi,http://blog.piesso.com/posts/windowsun-7-gunahi.html
http://blog.piesso.com/debian-6-0-squeeze-yayinlandi,http://blog.piesso.com/posts/debian-6-0-squeeze-yayinlandi.html
http://blog.piesso.com/kirikhan-myo-linux-sinavi,http://blog.piesso.com/posts/kirikhan-myo-linux-sinavi.html
http://blog.piesso.com/gnu-linux-eskisi-gibi-degil,http://blog.piesso.com/posts/gnu-linux-eskisi-gibi-degil.html
http://blog.piesso.com/crossover-linuxlinuxteki-windows,http://blog.piesso.com/posts/crossover-linuxlinuxteki-windows.html
http://blog.piesso.com/kampin-ardindan,http://blog.piesso.com/posts/kampin-ardindan.html
http://blog.piesso.com/turkiye%e2%80%99deki-linux-kullanicilari-icin-ozgur-sosyal-ag-tuxweet,http://blog.piesso.com/posts/turkiyedeki-linux-kullanicilari-icin-ozgur-sosyal-ag-tuxweet.html
http://blog.piesso.com/qmail-toaster-kaldirmak-icin-script,http://blog.piesso.com/posts/qmail-toaster-kaldirmak-icin-script.html
http://blog.piesso.com/basit-hesap-makinesi,http://blog.piesso.com/posts/basit-hesap-makinesi.html
http://blog.piesso.com/wolfenstein-enemy-territory-kurmak,http://blog.piesso.com/posts/wolfenstein-enemy-territory-kurmak.html
http://blog.piesso.com/dongu,http://blog.piesso.com/posts/dongu.html
http://blog.piesso.com/postfixe-zirh-giydirin,http://blog.piesso.com/posts/postfixe-zirh-giydirin.html
http://blog.piesso.com/nexenta-os,http://blog.piesso.com/posts/nexenta-os.html
http://blog.piesso.com/failed-to-load-module,http://blog.piesso.com/posts/failed-to-load-module.html
http://blog.piesso.com/sysadmin-gunu,http://blog.piesso.com/posts/sysadmin-gunu.html
http://blog.piesso.com/internet-haftasi-aktif-katilim-cagrisi,http://blog.piesso.com/posts/internet-haftasi-aktif-katilim-cagrisi.html
http://blog.piesso.com/linux-uzerine-americas-army-kurulumu,http://blog.piesso.com/posts/linux-uzerine-americas-army-kurulumu.html
http://blog.piesso.com/coyote-linux,http://blog.piesso.com/posts/coyote-linux.html
http://blog.piesso.com/internetten-debian-kurulumu,http://blog.piesso.com/posts/internetten-debian-kurulumu.html
http://blog.piesso.com/nagios-png-to-gd2,http://blog.piesso.com/posts/nagios-png-to-gd2.html
http://blog.piesso.com/python-ile-googleda-arama,http://blog.piesso.com/posts/python-ile-googleda-arama.html
http://blog.piesso.com/gnu-projesi-nasil-basladi-i,http://blog.piesso.com/posts/gnu-projesi-nasil-basladi-i.html
http://blog.piesso.com/linux-aile-agaci,http://blog.piesso.com/posts/linux-aile-agaci.html
http://blog.piesso.com/dns-sunucunuzda-recursive-query-leri-durdurun,http://blog.piesso.com/posts/dns-sunucunuzda-recursive-query-leri-durdurun.html
http://blog.piesso.com/android-ile-usb-baglanti,http://blog.piesso.com/posts/android-ile-usb-baglanti.html
http://blog.piesso.com/?page_id=685,http://blog.piesso.com/stories/video.html
http://blog.piesso.com/sunucu-kimligi-maskeleme,http://blog.piesso.com/posts/sunucu-kimligi-maskeleme.html
http://blog.piesso.com/google-servislerine-konsoldan-ulasin,http://blog.piesso.com/posts/google-servislerine-konsoldan-ulasin.html
http://blog.piesso.com/debian-squeeze-nagios-monitoring,http://blog.piesso.com/posts/debian-squeeze-nagios-monitoring.html
http://blog.piesso.com/linux-ve-ozgurluk-twitterda,http://blog.piesso.com/posts/linux-ve-ozgurluk-twitterda.html
http://blog.piesso.com/enterasys-admin-password-reset-i,http://blog.piesso.com/posts/enterasys-admin-password-reset-i.html
http://blog.piesso.com/?p=89,http://blog.piesso.com/posts/sozluk-i.html
http://blog.piesso.com/squid-uzerinde-ident-tanimlama,http://blog.piesso.com/posts/squid-uzerinde-ident-tanimlama.html
http://blog.piesso.com/cekilis,http://blog.piesso.com/posts/cekilis.html
http://blog.piesso.com/?p=572,http://blog.piesso.com/posts/pardus-2009-1-cdleri-evinize-geliyor.html
http://blog.piesso.com/ubuntu-satanic-edition,http://blog.piesso.com/posts/ubuntu-satanic-edition.html
http://blog.piesso.com/tam-ozgur-linux-dagitimlari,http://blog.piesso.com/posts/tam-ozgur-linux-dagitimlari.html
http://blog.piesso.com/yazicinizi-agdaki-bilgisayarlara-acin,http://blog.piesso.com/posts/yazicinizi-agdaki-bilgisayarlara-acin.html
http://blog.piesso.com/arch-linux-sane-kurulumu,http://blog.piesso.com/posts/arch-linux-sane-kurulumu.html
http://blog.piesso.com/mku-ozgur-yazilim-ve-linux-eposta-listesi,http://blog.piesso.com/posts/mku-ozgur-yazilim-ve-linux-eposta-listesi.html
http://blog.piesso.com/pythonda-turkce-karakter-cozumu,http://blog.piesso.com/posts/pythonda-turkce-karakter-cozumu.html
http://blog.piesso.com/hatay-kirikhan-linux-egitimi,http://blog.piesso.com/posts/hatay-kirikhan-linux-egitimi.html
http://blog.piesso.com/freetalk-konsol-tabanli-jabber-client,http://blog.piesso.com/posts/freetalk-konsol-tabanli-jabber-client.html
http://blog.piesso.com/richard-stallmandan-ozgur-bir-kitap,http://blog.piesso.com/posts/richard-stallmandan-ozgur-bir-kitap.html
http://blog.piesso.com/gentoo-linux-livedvd-12-0,http://blog.piesso.com/posts/gentoo-linux-livedvd-12-0.html
http://blog.piesso.com/yeni-yil-2012,http://blog.piesso.com/posts/yeni-yil-2012.html
http://blog.piesso.com/inatla-paranizi-isteyin,http://blog.piesso.com/posts/inatla-paranizi-isteyin.html
http://blog.piesso.com/internet-karariyor,http://blog.piesso.com/posts/internet-karariyor.html
http://blog.piesso.com/linux-yaz-kampi-2014,http://blog.piesso.com/posts/linux-yaz-kampi-2014.html
http://blog.piesso.com/sources-list-generator,http://blog.piesso.com/posts/sources-list-generator.html
http://blog.piesso.com/gnu-chess,http://blog.piesso.com/posts/gnu-chess.html
http://blog.piesso.com/ucretsiz-ve-yasal-muzik-jamendo,http://blog.piesso.com/posts/ucretsiz-ve-yasal-muzik-jamendo.html
http://blog.piesso.com/alcatel-lucent-switch-konsol-pin-siralamas,http://blog.piesso.com/posts/alcatel-lucent-switch-konsol-pin-siralamas.html
http://blog.piesso.com/python-ile-alarm-programi,http://blog.piesso.com/posts/python-ile-alarm-programi.html
http://blog.piesso.com/brute-force-saldirilarini-iptables-ile-engelleyin,http://blog.piesso.com/posts/brute-force-saldirilarini-iptables-ile-engelleyin.html
http://blog.piesso.com/yeni-yil-2011,http://blog.piesso.com/posts/yeni-yil-2011.html
http://blog.piesso.com/range,http://blog.piesso.com/posts/range.html
http://blog.piesso.com/dns-sunucunuzun-versiyonunu-gizleyin,http://blog.piesso.com/posts/dns-sunucunuzun-versiyonunu-gizleyin.html
http://blog.piesso.com/pardus-2011-cok-yakinda,http://blog.piesso.com/posts/pardus-2011-cok-yakinda.html
http://blog.piesso.com/openofficeden-libreofficee-ozgurluge-ucus,http://blog.piesso.com/posts/openofficeden-libreofficee-ozgurluge-ucus.html
http://blog.piesso.com/opendns-dinamik-ip-updater,http://blog.piesso.com/posts/opendns-dinamik-ip-updater.html
http://blog.piesso.com/unix-hakkinda-daha-detali-bilgi-icin,http://blog.piesso.com/posts/unix-hakkinda-daha-detali-bilgi-icin.html
http://blog.piesso.com/tribal-trouble,http://blog.piesso.com/posts/tribal-trouble.html
http://blog.piesso.com/google-feedfetcher,http://blog.piesso.com/posts/google-feedfetcher.html
http://blog.piesso.com/unix-nedir,http://blog.piesso.com/posts/unix-nedir.html
http://blog.piesso.com/tag/draft,/categories/draft.html
http://blog.piesso.com/for-dongusu-ii,http://blog.piesso.com/posts/for-dongusu-ii.html
http://blog.piesso.com/pardus-kurumsal-2,http://blog.piesso.com/posts/pardus-kurumsal-2.html
http://blog.piesso.com/gnu-projeleri-listesi,http://blog.piesso.com/posts/gnu-projeleri-listesi.html
http://blog.piesso.com/linux-server-hacks-ebook,http://blog.piesso.com/posts/linux-server-hacks-ebook.html
http://blog.piesso.com/gentoo-ve-systemd,http://blog.piesso.com/posts/gentoo-ve-systemd.html
http://blog.piesso.com/opensolaris-nvidia-driver,http://blog.piesso.com/posts/opensolaris-nvidia-driver.html
http://blog.piesso.com/linux-icin-sid-meiers-alpha-centauri,http://blog.piesso.com/posts/linux-icin-sid-meiers-alpha-centauri.html
http://blog.piesso.com/sunfire-t2000,http://blog.piesso.com/posts/sunfire-t2000.html
http://blog.piesso.com/pardus-2009-1,http://blog.piesso.com/posts/pardus-2009-1.html
http://blog.piesso.com/label-generator,http://blog.piesso.com/posts/label-generator.html
http://blog.piesso.com/toata-dragostea-mea-pentru-diavola,http://blog.piesso.com/posts/toata-dragostea-mea-pentru-diavola.html
http://blog.piesso.com/gentoo-hardened-selinux,http://blog.piesso.com/posts/gentoo-hardened-selinux.html
http://blog.piesso.com/?page_id=727,http://blog.piesso.com/stories/destek.html
http://blog.piesso.com/x-authentication-warning,http://blog.piesso.com/posts/x-authentication-warning.html
http://blog.piesso.com/ozgur-yazilim-gunu-2011,http://blog.piesso.com/posts/ozgur-yazilim-gunu-2011.html
http://blog.piesso.com/enterasys-n-ve-x-serisi-konsol-baglantisi,http://blog.piesso.com/posts/enterasys-n-ve-x-serisi-konsol-baglantisi.html
http://blog.piesso.com/devil-linux,http://blog.piesso.com/posts/devil-linux.html
http://blog.piesso.com/ttnet,http://blog.piesso.com/posts/ttnet.html
http://blog.piesso.com/linux-icin-heroes-of-might-and-magic-3,http://blog.piesso.com/posts/linux-icin-heroes-of-might-and-magic-3.html
http://blog.piesso.com/etkinliklerden-haberdar-olun,http://blog.piesso.com/posts/etkinliklerden-haberdar-olun.html
http://blog.piesso.com/zar-istatistik-programi,http://blog.piesso.com/posts/zar-istatistik-programi.html
http://blog.piesso.com/?p=1070,http://blog.piesso.com/posts/1070.html
http://blog.piesso.com/dhcp-snooping-enterasys,http://blog.piesso.com/posts/dhcp-snooping-enterasys.html
http://blog.piesso.com/troy-dawson-ile-roportaj,http://blog.piesso.com/posts/troy-dawson-ile-roportaj.html
http://blog.piesso.com/pardus-2009-1-beta,http://blog.piesso.com/posts/pardus-2009-1-beta.html
http://blog.piesso.com/konsolda-birim-cevirme,http://blog.piesso.com/posts/konsolda-birim-cevirme.html
http://blog.piesso.com/yasam-saniyesi-hesaplama-programi,http://blog.piesso.com/posts/yasam-saniyesi-hesaplama-programi.html
http://blog.piesso.com/excelden-mysqle,http://blog.piesso.com/posts/excelden-mysqle.html
http://blog.piesso.com/kernelinizi-ozgurlestirin,http://blog.piesso.com/posts/kernelinizi-ozgurlestirin.html
http://blog.piesso.com/zar-istatistik-programi-ii,http://blog.piesso.com/posts/zar-istatistik-programi-ii.html
http://blog.piesso.com/elite-proxy,http://blog.piesso.com/posts/elite-proxy.html
http://blog.piesso.com/crunchbang-linuxlite-ubuntu,http://blog.piesso.com/posts/crunchbang-linuxlite-ubuntu.html
http://blog.piesso.com/pardus-2009-1-rc-cikti,http://blog.piesso.com/posts/pardus-2009-1-rc-cikti.html
http://blog.piesso.com/wordpresste-yazilardaki-tarihi-kaldirma,http://blog.piesso.com/posts/wordpresste-yazilardaki-tarihi-kaldirma.html
http://blog.piesso.com/opensolariste-ext2ext3-bolumlerini-baglama,http://blog.piesso.com/posts/opensolariste-ext2ext3-bolumlerini-baglama.html
http://blog.piesso.com/yasam-saniyesi-hesaplama-programinin-kodlari,http://blog.piesso.com/posts/yasam-saniyesi-hesaplama-programinin-kodlari.html
http://blog.piesso.com/enterasys-yedek-almak,http://blog.piesso.com/posts/enterasys-yedek-almak.html
http://blog.piesso.com/usb-flash-diskten-linux-kurulumu,http://blog.piesso.com/posts/usb-flash-diskten-linux-kurulumu.html
http://blog.piesso.com/python-password-generator,http://blog.piesso.com/posts/python-password-generator.html
http://blog.piesso.com/cevirici-ii,http://blog.piesso.com/posts/cevirici-ii.html
http://blog.piesso.com/ucretsiz-linux-e-kitap,http://blog.piesso.com/posts/ucretsiz-linux-e-kitap.html
http://blog.piesso.com/yeni-kamusal-malozgur-ve-akk-yazilim,http://blog.piesso.com/posts/yeni-kamusal-malozgur-ve-akk-yazilim.html
http://blog.piesso.com/adsl-modeminizdeki-linuxu-kesfedin,http://blog.piesso.com/posts/adsl-modeminizdeki-linuxu-kesfedin.html
http://blog.piesso.com/sonyden-uzak-durun-ii,http://blog.piesso.com/posts/sonyden-uzak-durun-ii.html
http://blog.piesso.com/ozgur-yazilim-ve-linux-gunleri-2010,http://blog.piesso.com/posts/ozgur-yazilim-ve-linux-gunleri-2010.html
http://blog.piesso.com/civilization-of-ottoman,http://blog.piesso.com/posts/civilization-of-ottoman.html
http://blog.piesso.com/linux-icin-soldier-of-fortune,http://blog.piesso.com/posts/linux-icin-soldier-of-fortune.html
http://blog.piesso.com/gnu-nedirlinux-ile-gnu-arasindaki-iliski,http://blog.piesso.com/posts/gnu-nedirlinux-ile-gnu-arasindaki-iliski.html
http://blog.piesso.com/linuxa-adini-kim-verdi,http://blog.piesso.com/posts/linuxa-adini-kim-verdi.html
http://blog.piesso.com/?page_id=644,http://blog.piesso.com/stories/hakkimizda.html
http://blog.piesso.com/ubuntu-icin-manga-ubunchu,http://blog.piesso.com/posts/ubuntu-icin-manga-ubunchu.html
http://blog.piesso.com/slax-kendi-linuxunuzu-yaratin,http://blog.piesso.com/posts/slax-kendi-linuxunuzu-yaratin.html
http://blog.piesso.com/cevirici-i,http://blog.piesso.com/posts/cevirici-i.html
http://blog.piesso.com/ozgurlesen-universite,http://blog.piesso.com/posts/ozgurlesen-universite.html
http://blog.piesso.com/tag/gezegen,/categories/gezegen.html
http://blog.piesso.com/kullanicilari-ve-surecleri-kontrol-etme,http://blog.piesso.com/posts/kullanicilari-ve-surecleri-kontrol-etme.html
http://blog.piesso.com/?p=351,http://blog.piesso.com/posts/sitenize-linux-haberleri-ekleyin.html
http://blog.piesso.com/gentoo-wiki,http://blog.piesso.com/posts/gentoo-wiki.html
http://blog.piesso.com/cekilis-ii,http://blog.piesso.com/posts/cekilis-ii.html
http://blog.piesso.com/yoper-linux,http://blog.piesso.com/posts/yoper-linux.html
http://blog.piesso.com/loto-programi-i,http://blog.piesso.com/posts/loto-programi-i.html
http://blog.piesso.com/google-reader-ozgur-alternatif-newsblur,http://blog.piesso.com/posts/google-reader-ozgur-alternatif-newsblur.html
http://blog.piesso.com/linux-sistem-yonetimi-kampi-2011,http://blog.piesso.com/posts/linux-sistem-yonetimi-kampi-2011.html
http://blog.piesso.com/linux-kullanici-yonetimi-denetimi,http://blog.piesso.com/posts/linux-kullanici-yonetimi-denetimi.html
http://blog.piesso.com/bir-websitenin-hostunda-bulunan-diger-siteleri-bulma,http://blog.piesso.com/posts/bir-websitenin-hostunda-bulunan-diger-siteleri-bulma.html
http://blog.piesso.com/test-icin-buyuk-dosyalar-olusturmak,http://blog.piesso.com/posts/test-icin-buyuk-dosyalar-olusturmak.html
http://blog.piesso.com/tinycore-linux,http://blog.piesso.com/posts/tinycore-linux.html
http://blog.piesso.com/gnu-gpl-versiyon-3-turkce,http://blog.piesso.com/posts/gnu-gpl-versiyon-3-turkce.html
http://blog.piesso.com/python-ogrenmek-isteyenler-icin,http://blog.piesso.com/posts/python-ogrenmek-isteyenler-icin.html
http://blog.piesso.com/python-logolu-duvar-kagiti,http://blog.piesso.com/posts/python-logolu-duvar-kagiti.html
http://blog.piesso.com/linux-ip-komutlari,http://blog.piesso.com/posts/linux-ip-komutlari.html
http://blog.piesso.com/herhangi-bir-tarayici-ile-en-iyi-sekilde-goruntulenir,http://blog.piesso.com/posts/herhangi-bir-tarayici-ile-en-iyi-sekilde-goruntulenir.html
http://blog.piesso.com/php-ile-server-durum-gostergesi,http://blog.piesso.com/posts/php-ile-server-durum-gostergesi.html
http://blog.piesso.com/sozluk-ile-hava-durumu-programi,http://blog.piesso.com/posts/sozluk-ile-hava-durumu-programi.html
http://blog.piesso.com/gnu-grafik-calismalari,http://blog.piesso.com/posts/gnu-grafik-calismalari.html
http://blog.piesso.com/bilgisayarda-windows-vergisine-mahkeme-dur-dedi,http://blog.piesso.com/posts/bilgisayarda-windows-vergisine-mahkeme-dur-dedi.html
http://blog.piesso.com/pspye-uclinux-kurulumu,http://blog.piesso.com/posts/pspye-uclinux-kurulumu.html
http://blog.piesso.com/linux-ders-notu,http://blog.piesso.com/posts/linux-ders-notu.html
http://blog.piesso.com/bir-komutla-modeminizi-yeniden-baslatin,http://blog.piesso.com/posts/bir-komutla-modeminizi-yeniden-baslatin.html
http://blog.piesso.com/ozgur-olmayan-paketler,http://blog.piesso.com/posts/ozgur-olmayan-paketler.html
http://blog.piesso.com/enterasys-firmware-yukseltme,http://blog.piesso.com/posts/enterasys-firmware-yukseltme.html
http://blog.piesso.com/len-fonksiyonu,http://blog.piesso.com/posts/len-fonksiyonu.html
http://blog.piesso.com/sony-den-uzak-durun,http://blog.piesso.com/posts/sony-den-uzak-durun.html
http://blog.piesso.com/dns-bilgilerini-kopyalamak,http://blog.piesso.com/posts/dns-bilgilerini-kopyalamak.html
http://blog.piesso.com/whatweb-ve-wordpress-surumu-saklama,http://blog.piesso.com/posts/whatweb-ve-wordpress-surumu-saklama.html
http://blog.piesso.com/break-i,http://blog.piesso.com/posts/break-i.html
http://blog.piesso.com/opensolaris-ucretsiz-cd,http://blog.piesso.com/posts/opensolaris-ucretsiz-cd.html
http://blog.piesso.com/ip-numarasi-ve-rdns-look-up,http://blog.piesso.com/posts/ip-numarasi-ve-rdns-look-up.html
http://blog.piesso.com/avatar,http://blog.piesso.com/posts/avatar.html
http://blog.piesso.com/deviantartda-ubuntu,http://blog.piesso.com/posts/deviantartda-ubuntu.html
http://blog.piesso.com/sunucu-guvenligi-dizin-izinlerini-tarayin,http://blog.piesso.com/posts/sunucu-guvenligi-dizin-izinlerini-tarayin.html
http://blog.piesso.com/?p=1164,http://blog.piesso.com/posts/1164.html
http://blog.piesso.com/windows-8-bu-aldatmacayi-satin-almayin,http://blog.piesso.com/posts/windows-8-bu-aldatmacayi-satin-almayin.html
http://blog.piesso.com/gentoo-ipv6-tunelleme,http://blog.piesso.com/posts/gentoo-ipv6-tunelleme.html
http://blog.piesso.com/?p=1265,http://blog.piesso.com/posts/1265.html
http://blog.piesso.com/ders-notu-ii,http://blog.piesso.com/posts/ders-notu-ii.html
http://blog.piesso.com/donanim-bilgisi-toplamak,http://blog.piesso.com/posts/donanim-bilgisi-toplamak.html
http://blog.piesso.com/for-dongusu,http://blog.piesso.com/posts/for-dongusu.html
http://blog.piesso.com/google-serverlari,http://blog.piesso.com/posts/google-serverlari.html
http://blog.piesso.com/?p=886,http://blog.piesso.com/posts/886.html
http://blog.piesso.com/python-ile-mysql-uygulamasi,http://blog.piesso.com/posts/python-ile-mysql-uygulamasi.html
http://blog.piesso.com/virtualhostlar-icin-webalizer,http://blog.piesso.com/posts/virtualhostlar-icin-webalizer.html
http://blog.piesso.com/scientific-linux-yansi,http://blog.piesso.com/posts/scientific-linux-yansi.html
http://blog.piesso.com/?p=1184,http://blog.piesso.com/posts/1184.html
http://blog.piesso.com/apache-webserverda-mod_rewrite-modulunu-aktif-etmekdebian-ve-turevleri-icin,http://blog.piesso.com/posts/apache-webserverda-mod_rewrite-modulunu-aktif-etmekdebian-ve-turevleri-icin.html
http://blog.piesso.com/iletisim,http://blog.piesso.com/stories/iletisim.html
http://blog.piesso.com/opensolaris-emu10k1x-driver,http://blog.piesso.com/posts/opensolaris-emu10k1x-driver.html
http://blog.piesso.com/site-durum-programi,http://blog.piesso.com/posts/site-durum-programi.html
http://blog.piesso.com/embdemid-gnulinux,http://blog.piesso.com/posts/embdemid-gnulinux.html
http://blog.piesso.com/wordpressde-kalici-baglanti-permalink,http://blog.piesso.com/posts/wordpressde-kalici-baglanti-permalink.html
http://blog.piesso.com/test-icin-bash-ortami,http://blog.piesso.com/posts/test-icin-bash-ortami.html
http://blog.piesso.com/dunyanin-enleri-testi-kodlari,http://blog.piesso.com/posts/dunyanin-enleri-testi-kodlari.html
http://blog.piesso.com/ilk-program,http://blog.piesso.com/posts/ilk-program.html
http://blog.piesso.com/pazarlikmuzayede-programi-kodlari,http://blog.piesso.com/posts/pazarlikmuzayede-programi-kodlari.html
http://blog.piesso.com/yumurta-zamanlayici,http://blog.piesso.com/posts/yumurta-zamanlayici.html
http://blog.piesso.com/gentoo-ipv4-ve-native-ipv6,http://blog.piesso.com/posts/gentoo-ipv4-ve-native-ipv6.html
http://blog.piesso.com/statik-ipyi-degistirmek,http://blog.piesso.com/posts/statik-ipyi-degistirmek.html
http://blog.piesso.com/logo-arama-motorlari,http://blog.piesso.com/posts/logo-arama-motorlari.html
http://blog.piesso.com/sunucu-guvenligissh-ile-root-girisini-kapatin,http://blog.piesso.com/posts/sunucu-guvenligissh-ile-root-girisini-kapatin.html
http://blog.piesso.com/uptime-suresini-ogrenme-ve-engelleme,http://blog.piesso.com/posts/uptime-suresini-ogrenme-ve-engelleme.html
http://blog.piesso.com/debian-openvz-web-panel,http://blog.piesso.com/posts/debian-openvz-web-panel.html
http://blog.piesso.com/gentoo-mail-list,http://blog.piesso.com/posts/gentoo-mail-list.html
http://blog.piesso.com/linux-complete-command-reference-ekitap,http://blog.piesso.com/posts/linux-complete-command-reference-ekitap.html
http://blog.piesso.com/gnu-projesi-nasil-basladi-ii,http://blog.piesso.com/posts/gnu-projesi-nasil-basladi-ii.html
http://blog.piesso.com/kagittan-htmle-donusturun,http://blog.piesso.com/posts/kagittan-htmle-donusturun.html
http://blog.piesso.com/linux-ile-aginizda-dosyalarinizi-paylasin,http://blog.piesso.com/posts/linux-ile-aginizda-dosyalarinizi-paylasin.html
http://blog.piesso.com/pc-magazine-linux-solutions-ekitap,http://blog.piesso.com/posts/pc-magazine-linux-solutions-ekitap.html
http://blog.piesso.com/firefox-ipv6,http://blog.piesso.com/posts/firefox-ipv6.html
http://blog.piesso.com/gnu-gpl-version-3-ingilizce,http://blog.piesso.com/posts/gnu-gpl-version-3-ingilizce.html
http://blog.piesso.com/raw_input,http://blog.piesso.com/posts/raw_input.html
http://blog.piesso.com/konsolda-hesap-yapmak,http://blog.piesso.com/posts/konsolda-hesap-yapmak.html
http://blog.piesso.com/os-name-modulu,http://blog.piesso.com/posts/os-name-modulu.html
http://blog.piesso.com/icon-arama-motoru,http://blog.piesso.com/posts/icon-arama-motoru.html
http://blog.piesso.com/gentoo-l2tp-ipsec-psk-vpn-client,http://blog.piesso.com/posts/gentoo-l2tp-ipsec-psk-vpn-client.html
http://blog.piesso.com/15-turkiye%e2%80%99de-internet-konferansi%e2%80%99nda-linux-seminerleri,http://blog.piesso.com/posts/15-turkiyede-internet-konferansinda-linux-seminerleri.html
http://blog.piesso.com/yeni-yil-2010,http://blog.piesso.com/posts/yeni-yil-2010.html
http://blog.piesso.com/why-linux-is-better,http://blog.piesso.com/posts/why-linux-is-better.html
http://blog.piesso.com/selinux-a-giris,http://blog.piesso.com/posts/selinux-a-giris.html
http://blog.piesso.com/ozgur-yazilim-lisanslari,http://blog.piesso.com/posts/ozgur-yazilim-lisanslari.html
http://blog.piesso.com/epel-ve-rpmforge-depolarini-ekleyin,http://blog.piesso.com/posts/epel-ve-rpmforge-depolarini-ekleyin.html
http://blog.piesso.com/yeni-kamusal-mal-ozgur-ve-akk-yazilim-e-kitap,http://blog.piesso.com/posts/yeni-kamusal-mal-ozgur-ve-akk-yazilim-e-kitap.html
http://blog.piesso.com/embdemid-linux-english,http://blog.piesso.com/posts/embdemid-linux-english.html
http://blog.piesso.com/tag/genel,/categories/genel.html
http://blog.piesso.com/gentooda-gcc-upgrade,http://blog.piesso.com/posts/gentooda-gcc-upgrade.html
http://blog.piesso.com/tivibu-ttnet-ve-rekabet-kurulu,http://blog.piesso.com/posts/tivibu-ttnet-ve-rekabet-kurulu.html
http://blog.piesso.com/centos-5-5-mongodb,http://blog.piesso.com/posts/centos-5-5-mongodb.html
http://blog.piesso.com/ozgur-yazilim-dizini,http://blog.piesso.com/posts/ozgur-yazilim-dizini.html
http://blog.piesso.com/dinamik-ipmizi-statik-ipye-cevirmedyndns-debian-updater,http://blog.piesso.com/posts/dinamik-ipmizi-statik-ipye-cevirmedyndns-debian-updater.html
http://blog.piesso.com/enterasys-dhcp-relay-agent,http://blog.piesso.com/posts/enterasys-dhcp-relay-agent.html
http://blog.piesso.com/?p=1036,http://blog.piesso.com/posts/debian-lenny-den-squeeze-yukseltme.html
http://blog.piesso.com/universitelerde-ozgur-yazilim-kullanim-rehberi,http://blog.piesso.com/posts/universitelerde-ozgur-yazilim-kullanim-rehberi.html
http://blog.piesso.com/qmail-toaster-dkim-kurulumu,http://blog.piesso.com/posts/qmail-toaster-dkim-kurulumu.html
http://blog.piesso.com/iptables-generator,http://blog.piesso.com/posts/iptables-generator.html
http://blog.piesso.com/gnuart,http://blog.piesso.com/posts/gnuart.html
http://blog.piesso.com/sunucudan-google-apps-email-ile-mail-gondermek,http://blog.piesso.com/posts/sunucudan-google-apps-email-ile-mail-gondermek.html
http://blog.piesso.com/internette-sansu%cc%88re-karsi-ortak-platform-toplantisi,http://blog.piesso.com/posts/internette-sansure-karsi-ortak-platform-toplantisi.html
http://blog.piesso.com/acta-tehdidi,http://blog.piesso.com/posts/acta-tehdidi.html
